,is_video,likes,video_duration,video_view_count,title,url,mediacount,caption,date_utc,comments
2410356988009111285,False,906,,,,https://www.instagram.com/p/CFzTuj0Kd71/,1,"Hoy comienza el curso 2020-2021 en la Universidad de Salamanca. Aunque las circunstancias excepcionales que estamos viviendo han introducido muchos cambios en nuestro dÃ­a a dÃ­a, volvemos a la vida universitaria. Â¡Bienvenidos/as! ğŸ¤—
#SigamosSiendoResponsables",2020-10-01 12:56:05,3
2576308907824394986,False,382,,,,https://www.instagram.com/p/CPA401CjDLq/,1,"Hoy, a las 18:00 horas, tendrÃ¡ lugar la SesiÃ³n de InformaciÃ³n Virtual sobre la #EBAU2021 de la Universidad de Salamanca. 

Â¡Te esperamos! ğŸ‘‰ebau2021.usal.es",2021-05-18 12:12:56,2
2509737887236343153,False,354,,,,https://www.instagram.com/p/CLUYU-wD8Vx/,1,Â¡#FelizLunes! Os deseamos una excelente semana â˜€ï¸ğŸ¤— #SigamosSiendoResponsables,2021-02-15 15:48:12,0
2537829318833322182,True,457,53.366,4110.0,,https://www.instagram.com/p/CM4LlHJobjG/,1,"Â¿Conoces el maniquÃ­ anatÃ³mico de la Universidad de Salamanca? CostÃ³ veinticinco ducados y se trata de un pieza singular de madera, posiblemente Ãºnica de la museÃ­stica cientÃ­fica. Se utilizÃ³ para las enseÃ±anzas de anatomÃ­a en la Facultad de Medicina de la USAL. Es obra del escultor Mateo de Vangorla y fue tallada en 1570 por encargo del entonces rector de la Universidad, AndrÃ©s AlcÃ¡zar. Desde 1990 se encuentra expuesta en el claustro alto del Edificio de las Escuelas Mayores.
_________________________________

La serie #SecretosDeLaUSAL muestra algunos de los aspectos menos conocidos sobre la historia, tradiciones y vida acadÃ©mica de nuestra universidad.",2021-03-26 10:01:17,3
2440051364622974600,False,517,,,,https://www.instagram.com/p/CHczcnGDz6I/,2,"Vera MartÃ­n es estudiante del Grado en Derecho en la Universidad de Salamanca. EligiÃ³ este Grado porque siempre se ha interesado por su entorno y por la forma en la que â€œlas leyes o el Estado de Derecho condicionan nuestras vidas."" Considera que esta carrera â€œayuda a entender el mundo que nos rodeaâ€. Vera se ve en un futuro â€œejerciendo como abogada, disfrutando de la actividad profesionalâ€, aunque no descarta otras opciones ya que es consciente de que a medida que avance se irÃ¡n redefiniendo sus intereses y de que la actual situaciÃ³n podrÃ¡ modificar nuevamente sus expectativas. 

Pese a estar satisfecha con los primeros meses de carrera, lamenta la salmantina que la actual situaciÃ³n sanitaria le â€œha privado de eso que esperaba tener, relaciÃ³n con los compaÃ±eros, intercambio de experiencias, rutina de clases presenciales... Nos hemos visto obligados a arrancar el curso con muchas precauciones.â€ Aunque reconoce que estas medidas son necesarias ya que â€œsi queremos salir de esta todos y cada uno de nosotros tenemos que poner parte. Y nuestra responsabilidad pasa precisamente por reducir y evitar la vida social.â€ 

Ahora que las formas de ocio se ven muy reducidas Vera practica atletismo como vÃ­a de escape. â€œTengo la suerte de practicar atletismo y de este deporte hago tambiÃ©n un pasatiempo que me ayuda a desconectar de las clases y del estudio."" 

Anima Vera a toda la comunidad universitaria reconociendo que â€œtodo lo que hagamos para superar la pandemia hoy lo agradeceremos maÃ±ana. Creo que de las crisis, los momentos duros y las limitaciones se puede salir reforzado.â€
___________________________

Esta entrevista forma parte de la serie #RetratosUSAL con la queremos conocer mejor a nuestra comunidad universitaria. A lo largo de este curso compartirÃ¡n sus experiencias universitarias, aficiones y consejos para afrontar la nueva situaciÃ³n derivada de la #Covid-19. #SigamosSiendoResponsables #YoNoArriesgoMiFuturo",2020-11-11 12:13:31,2
2495913424535194566,False,916,,,,https://www.instagram.com/p/CKjRAkjjIvG/,2,"Joana Dâ€™Arc Nicolau de Melo (@joaninha.do.campo) es de Rio de Janeiro y estÃ¡ cursando el â€˜MÃ¡ster en Estudios Latinoamericanosâ€™ en nuestra universidad. Es trabajadora social, formada en la Universidad Federal de Rio de Janeiro (@ufrj.oficial) y ejerce su profesiÃ³n desde hace 20 aÃ±os. ""Estudiar la pobreza, la desigualdad social y los derechos humanos y cÃ³mo se desarrolla en AmÃ©rica Latina"" es la razÃ³n principal por la que decidiÃ³ cursar este mÃ¡ster.

La situaciÃ³n actual ha modificado sus expectativas universitarias, aÃºn asÃ­, al tener que reducir las interacciones sociales puede dedicar mÃ¡s tiempo a â€œestudiar, leer y dar largos paseos por la ciudad de Salamancaâ€. 

El contacto con su familia es muy importante para ella, por eso, aunque no se pueden ver ""organizamos fiestas virtuales, Â¡viva Internet y viva la tecnologÃ­a que nos permite mantener la proximidad con quienes amamos!"". 
_______
Esta entrevista forma parte de la serie #RetratosUSAL con la queremos conocer mejor a nuestra comunidad universitaria. A lo largo de este curso compartirÃ¡n sus experiencias universitarias, aficiones y consejos para afrontar la nueva situaciÃ³n derivada de la #Covid-19. #SigamosSiendoResponsables #YoNoArriesgoMiFuturo",2021-01-27 14:01:27,27
2497327060264892354,False,836,,,,https://www.instagram.com/p/CKoSbrbDzfC/,1,Despedimos el Ãºltimo fin de semana del mes de enero con esta fotografÃ­a del Patio del Colegio Fonseca. ğŸ¤— â˜€ #SigamosSiendoResponsables,2021-01-29 12:50:06,9
2434982336720211975,False,984,,,,https://www.instagram.com/p/CHKy4i-jxAH/,2,"Francisco Javier HernÃ¡ndez (@jxvierbarcelo) llegÃ³ hace tres aÃ±os a la Universidad de Salamanca desde Alicante para estudiar el grado en TraducciÃ³n e InterpretaciÃ³n. EligiÃ³ estos estudios por su pasiÃ³n por los idiomas y las culturas extranjeras. â€œSiempre se me han dado especialmente bien los idiomas y he disfrutado aprendiÃ©ndolos. AdemÃ¡s, me interesan mucho las culturas extranjeras y cÃ³mo se relacionan con la nuestra.â€ 

TodavÃ­a no tiene claro su futuro profesional, pero reconoce que le gustarÃ­a acabar trabajando algÃºn dÃ­a como traductor o intÃ©rprete, aunque no cierra las puertas a otras posibles salidas profesionales. 

El dibujo es una de las aficiones que Francisco Javier ha retomado este aÃ±o y que utiliza como mÃ©todo de desconexiÃ³n, ahora que nuestras formas de ocio se han visto limitadas. â€œYa que este aÃ±o es mÃ¡s complicado disfrutar del ocio en exteriores, he decidido centrarme de lleno en la Universidad. Y tambiÃ©n he retomado un pasatiempo que habÃ­a aparcado hace aÃ±os: el dibujo.â€ 

La actual situaciÃ³n sanitaria ha cambiado nuestras rutinas y Francisco Javier confiesa que poder ir algÃºn puente a casa es una de las cosas que mÃ¡s echa de menos. â€œPersonalmente, reducir los desplazamientos es lo que me estÃ¡ suponiendo un mayor esfuerzo. Cualquier otro aÃ±o, aprovecharÃ­a algÃºn puente para ir a visitar a mis padres pero debido a la situaciÃ³n actual he decidido no viajar a no ser que sea estrictamente necesario.â€ 

El estudiante hace un llamamiento a la responsabilidad de los jÃ³venes. Los pequeÃ±os esfuerzos que hagamos ahora supondrÃ¡n recompensas mayores en el futuro. â€œQuiero transmitirles que es posible disfrutar de la vida universitaria y respetar las medidas de seguridad, al mismo tiempo. Tan solo tenemos que ponernos un poco creativos y buscar nuevas formas de entretenimiento.â€

___________________________

Esta entrevista forma parte de la serie #RetratosUSAL con la queremos conocer mejor a nuestra comunidad universitaria. A lo largo de este curso compartirÃ¡n sus experiencias universitarias, aficiones y consejos para afrontar la nueva situaciÃ³n derivada de la #Covid-19. #SigamosSiendoResponsables #YoNoArriesgoMiFuturo",2020-11-04 12:22:16,11
2426337959684631692,False,1177,,,,https://www.instagram.com/p/CGsFYTgDGyM/,1,"Seguro que pasas a menudo por aquÃ­. Nuestra Plaza Mayor es espectacular desde todas sus posiciones. ğŸ˜Š

#SigamosSiendoResponsables #YoNoArriesgoMiFuturo",2020-10-23 14:07:26,5
2592101933578500142,False,1025,,,,https://www.instagram.com/p/CP4_vmcjLgu/,1,"Comienza la #EBAU en los campus de Ãvila, Salamanca y Zamora. Â¡Mucha suerte con los exÃ¡menes! ğŸ’ª ğŸ€",2021-06-09 07:10:51,7
2436471102852041598,False,1166,,,,https://www.instagram.com/p/CHQFY8fAAt-/,1,"La vegetaciÃ³n que nos rodea, aporta luz, color y nos acompaÃ±a en nuestro dÃ­a a dÃ­a. Â¿QuÃ© plantas forman parte de tu entorno? ğŸŒ¿",2020-11-06 13:40:13,9
2571256452220783605,False,1294,,,,https://www.instagram.com/p/COu8B7FDQv1/,1,Hay lugares de la USAL que nunca nos cansamos de observar. Â¿CuÃ¡l es el tuyo? ğŸ¤” #FelizMartes #SigamosSiendoResponsables,2021-05-11 12:54:36,11
2612813284141605293,False,805,,,,https://www.instagram.com/p/CRCk9axrqGt/,1,"""Un dÃ­a es el siglo de las flores,
una noche es la edad de las estrellas"". 

La noche, Pedro CalderÃ³n de la Barca",2021-07-07 21:00:37,3
2620458156822625960,True,705,52.566,5040.0,,https://www.instagram.com/p/CRdvM9SL_6o/,1,"Â¿SabÃ­as que Santa Teresa de JesÃºs fue la primera mujer â€˜honoris causaâ€™ de la Universidad de Salamanca? El 4 de marzo de 1922, bajo el rectorado de Luis Maldonado de Guevara y el vicerrectorado de Miguel de Unamuno, se acordÃ³ por unanimidad conceder el doctorado de â€˜honoris causaâ€™ a Santa Teresa de JesÃºs. RecibÃ­a la mÃ¡xima distinciÃ³n acadÃ©mica del estudio salmantino cinco siglos despuÃ©s de su muerte. Gracias a este reconocimiento se destacaron sus aportaciones a la literatura y la mÃ­stica espaÃ±ola. Actualmente, se encuentra expuesto en la capilla de la Universidad de Salamanca. 
_________________________________

La serie #SecretosDeLaUSAL muestra algunos de los aspectos menos conocidos sobre la historia, tradiciones y vida acadÃ©mica de nuestra universidad.",2021-07-18 10:09:53,7
2550201388716632455,True,436,14.766,2556.0,,https://www.instagram.com/p/CNkIqbIKamH/,1,Â¡Feliz #LunesDeAguas!,2021-04-12 11:42:36,3
2512552561977831341,False,844,,,,https://www.instagram.com/p/CLeYT44L6-t/,1,"La Universidad de Salamanca recibe cada aÃ±o a mÃ¡s de 7000 estudiantes de todos los continentes y es la segunda universidad espaÃ±ola con mayor porcentaje de alumnos extranjeros. Es, ademÃ¡s, Alma Mater de las universidades hispanoamericanas. EspecialÃ­zate en una universidad de carÃ¡cter internacional. ğŸ¤—",2021-02-19 13:00:29,11
2573356383702297505,False,725,,,,https://www.instagram.com/p/CO2Zf8rDyuh/,5,"Hoy se abre el plazo de solicitud de plaza de los Colegios Mayores y Residencias de la Universidad de Salamanca.

ğŸ˜ï¸ resercol.usal.es",2021-05-14 10:26:47,3
2400924206333848286,False,1491,,,,https://www.instagram.com/p/CFRy9hTKmre/,1,"Cada peldaÃ±o importa.Â Muy pronto volveremos a acompaÃ±arte en muchos de tus pasos.Â 
Â¡#FelizFinde! ğŸ˜Š",2020-09-18 12:34:50,7
2475513392379585416,False,907,,,,https://www.instagram.com/p/CJaylCFgeOI/,1,"Â¿ConocÃ­as la escultura en homenaje a las turroneras albercanas? EstÃ¡ situada en la plaza del Mercado Central y su creaciÃ³n es un reconocimiento a una tradiciÃ³n casi centenaria y artesana muy vinculada a la Navidad. Desde principios del siglo XX las turroneras de la Alberca se sitÃºan en los soportales inferiores de la plaza mayor de Salamanca para vender su turrones artesanos, marcando asÃ­ el inicio de las fiestas navideÃ±as.",2020-12-30 10:30:16,6
2469805809361426242,False,380,,,,https://www.instagram.com/p/CJGg0xLLxdC/,1,"Gracias a toda la comunidad universitaria la Universidad de Salamanca ha permanecido este aÃ±o mÃ¡s viva que nunca. Gracias por vuestro trabajo, compromiso y esfuerzo. Os deseamos unas felices fiestas navideÃ±as. ğŸ¤—ğŸ„",2020-12-22 13:30:19,5
2596597287514742916,False,600,,,,https://www.instagram.com/p/CQI93nDDyCE/,1,"Nuestra universidad cuenta con una larga tradiciÃ³n humanÃ­stica y cientÃ­fica y estÃ¡ presente en cuatro ciudades (Salamanca, Zamora, Ãvila y BÃ©jar). Dispone de 26 facultades en las que se imparten 68 grados y 25 dobles grados.

â¡ï¸ usal.es/grados",2021-06-15 12:02:19,1
2540728444156419567,True,525,47.933,4041.0,,https://www.instagram.com/p/CNCew8ArJ3v/,1,"Los estudiantes internacionales Leonardo Godoy, XinWei Wang y Carlos Velez explican cuÃ¡les fueron las razones por las que eligieron estudiar en la Universidad de Salamanca. 

Â¡EspecialÃ­zate en la Universidad de Salamanca! ğŸ‘‰ usal.es/masteres",2021-03-30 10:01:13,12
2464696703707480206,False,400,,,,https://www.instagram.com/p/CI0XJfvj4CO/,1,Comienza la cuenta atrÃ¡s para las vacaciones navideÃ±as. Â¡Mucho Ã¡nimo con las Ãºltimas clases y trabajos! ğŸ˜Šâœ¨,2020-12-15 12:19:24,1
2611075235582289650,False,604,,,,https://www.instagram.com/p/CQ8Zxe6s6by/,1,"Â¡Feliz comienzo de semana desde el Edificio Multiusos I+D+i de la Universidad de Salamanca! Este edificio se encuentra en el centro de Salamanca y en Ã©l se hallan multitud de servicios biosanitarios, nanotecnolÃ³gicos, grupos de investigaciÃ³n o servicios como el de ProducciÃ³n e InnovaciÃ³n Digital. âš—ï¸ğŸ§¬ğŸ–¥",2021-07-05 11:27:25,1
2600963145024236219,False,614,,,,https://www.instagram.com/p/CQYejMtDWq7/,1,Â¡Damos la bienvenida al #verano desde el Edificio TrilingÃ¼e! ğŸ¤— ğŸŒ,2021-06-21 12:36:30,3
2521250644800462566,False,1833,,,,https://www.instagram.com/p/CL9SBpxDl7m/,1,"""Agranda la puerta, Padre, porque no puedo pasar. La hiciste para los niÃ±os, yo he crecido, a mi pesar. Si no me agrandas la puerta, achÃ­came, por piedad; vuÃ©lveme a la edad aquella en que vivir es soÃ±ar."" (Miguel de Unamuno)",2021-03-03 13:01:59,16
2424111147772560633,False,1369,,,,https://www.instagram.com/p/CGkLD7TDET5/,1,El otoÃ±o va dejando nuevas estampas y el crujir de las hojas secas bajo los zapatos. ğŸ‚ğŸ#SigamosSiendoResponsables en nuestro dÃ­a a dÃ­a en la facultad o en nuestros paseos por la ciudad. #YoNoArriesgoMiFuturo.,2020-10-20 12:23:09,8
2465380083008778436,False,637,,,,https://www.instagram.com/p/CI2yh-UD7DE/,1,"Nuria Mateos GarcÃ­a (@nurimateos), antigua estudiante del Grado en IngenierÃ­a InformÃ¡tica en Sistemas de InformaciÃ³n y del MÃ¡ster en Sistemas Inteligentes de la Universidad de Salamanca, ha sido reconocida como uno de los mejores expedientes acadÃ©micos de mujeres en carreras #STEM en los Premios #WONNOW 2020 (Women in Science and technology awards); premios a la excelencia acadÃ©mica femenina en ciencia y tecnologÃ­aÂ convocados por @CaixaBank y @Microsoft_espana para galardonar a las mejores estudiantes de grados universitarios tÃ©cnicos de EspaÃ±a. 
Nuria manifiesta sentirse â€œmuy agradecida por recibir este premio otorgado por dos grandes empresas como son CaixaBank y Microsoftâ€. Un premio que â€œsupone una recompensa a todo el esfuerzo realizado durante todos mis aÃ±os acadÃ©micos en la Universidad de Salamanca, en la que tambiÃ©n estuve trabajando y desarrollando proyectos de realidad virtual inmersivaâ€, destaca.
AdemÃ¡s, seÃ±ala que gracias al galardÃ³n tendrÃ¡ la oportunidad de seguir trabajando en la misma lÃ­nea que desarrollaba en el MÃ¡ster ya que â€œactualmente estoy en un proyecto de detecciÃ³n de fraude mediante algoritmos de Deep Learning en el departamento de AuditorÃ­a continua de CaixaBank, en Barcelonaâ€.",2020-12-16 10:57:09,8
2460359744348271955,False,568,,,,https://www.instagram.com/p/CIk9CbljLVT/,1,Comenzamos la semana desde las alturas. ğŸ¦ğŸ¤—,2020-12-09 12:42:38,4
2525602711555890115,False,460,,,,https://www.instagram.com/p/CMMvkjyDVvD/,1,"Â¿#SabÃ­asQuÃ© la escalera del Edificio HistÃ³rico de la Universidad de Salamanca guarda una interesante simbologÃ­a? 

Construida en el siglo XVI en estilo renacentista, se pueden distinguir en ella tres tramos decorados que representan la juventud, madurez y senectud del ser humano, asÃ­ como los riesgos a los que estÃ¡ expuesto a modo de advertencia para todo aquÃ©l que se aventura a ascenderla. 

El primer tramo representa la Ã©poca juvenil. Alrededor de una dama, unos juglares bailan con cintas y cascabeles en pies y manos. Es la Danza morisca, tema muy conocido y representado en numerosos grabados.",2021-03-09 13:08:46,7
2390760310553911886,False,302,,,,https://www.instagram.com/p/CEtr9XtqyJO/,1,Â¿CÃ³mo actuar si tienes sÃ­ntomas o has estado en contacto con una persona covid positiva? Debes autoaislarte y no acudir a la Universidad. Es fundamental que tengas actualizada tu tarjeta sanitaria y un centro de salud de referencia. Â¡#SigamosSiendoResponsables!,2020-09-04 12:00:59,2
2565458875223335159,False,660,,,,https://www.instagram.com/p/COaV0Evj2D3/,1,"Esta es parte de la biblioteca personal de Miguel de Unamuno que fue donada en vida a la Universidad de Salamanca; cerca de 6000 volÃºmenes custodiados por @casamuseounamuno . Este espacio se encuentra en la antigua casa rectoral, junto al Edificio HistÃ³rico de la Universidad de Salamanca. ğŸ–‹ğŸ“œ",2021-05-03 12:55:51,3
2561802751269889297,False,854,,,,https://www.instagram.com/p/CONWgd-D2UR/,1,"El Centro Cultural Hispano JaponÃ©s (CCHJ) fue creado en 1999 para favorecer el conocimiento y la cooperaciÃ³n entre JapÃ³n y EspaÃ±a, desde los intercambios acadÃ©micos y culturales hasta las relaciones econÃ³micas.

Entre sus actividades estÃ¡n la enseÃ±anza de la lengua japonesa, la Semana Cultural de JapÃ³n, la oferta de cursos para profesionales y empresarios, la organizaciÃ³n de ciclos artÃ­sticos y culturales, el apoyo a los estudios superiores y la promociÃ³n de la investigaciÃ³n sobre JapÃ³n y sobre el conjunto de Asia Oriental.",2021-04-28 11:51:47,10
2570530352785820843,True,722,59.533,4576.0,,https://www.instagram.com/p/COsW7ySKIyr/,1,"La Universidad de Salamanca cuenta con mÃ¡s de 800 aÃ±os de trayectoria acadÃ©mica, un 94% de empleabilidad en estudios de MÃ¡ster y mÃ¡s del 85% en Grado. Nuestra universidad se asienta en una ciudad de gran valor patrimonial, muy dinÃ¡mica y segura en la que conviven alumnos de mÃºltiples nacionalidades. Â¡Vive tu experiencia universitaria en la Universidad de Salamanca!",2021-05-10 12:52:50,22
2547320485579801621,False,1352,,,,https://www.instagram.com/p/CNZ5nxAD0QV/,4,ğŸŒ¸ Glicina (Wisteria sinensis) en la Facultad de Ciencias. #PrimaveraEnLaUSAL #FelizJueves ğŸ¤—,2021-04-08 12:18:07,9
2403817176397717230,False,1415,,,,https://www.instagram.com/p/CFcEvxoKx7u/,1,Â¡Damos la bienvenida al #otoÃ±o con este dÃ­a tan luminoso y soleado! ğŸ‚ ğŸŒ,2020-09-22 12:22:39,7
2613247531969219161,False,273,,,,https://www.instagram.com/p/CREHsjlMQpZ/,1,"Juan Pablo LÃ³pez (@juanp1203) estudia un MÃ¡ster en Estudios de la Ciencia, de la TecnologÃ­a y de la InnovaciÃ³n en la Universidad de Salamanca. â€œSoy egresado de la carrera de Jurisprudencia de la Universidad del Rosario en Colombia. Esta universidad tiene una relaciÃ³n muy estrecha con Salamanca desde su fundaciÃ³n, asÃ­ que fue un sueÃ±o para mÃ­ poder cursar un mÃ¡ster en esta importante instituciÃ³nâ€.

Su mayor reto es mostrar que el ejercicio del derecho puede ser diferente en su enseÃ±anza y ejercicio, â€œes necesario un estudio para no caer en errores comunes del sector, como lo es seÃ±alar que todo proceso aplicable con tecnologÃ­a debe ser llamado innovaciÃ³nâ€. Su trabajo de fin de mÃ¡ster estÃ¡ enfocado en la relaciÃ³n existente entre felicidad y tecnologÃ­a, â€œun proyecto que me emocionÃ³ y que jamÃ¡s creÃ­ tendrÃ­a la oportunidad de desarrollar en dicho programaâ€.Â 

En su tiempo libre se dedica a hacer ejercicio, correr y leer. AÃ±ade que le apasiona viajar â€œespero pronto tomarme un aÃ±o sabÃ¡tico para recorrer el mundo, mi lugar favorito es Tailandiaâ€.

Su mayor sueÃ±o es poder inspirar y direccionar a las nuevas promociones de abogados. â€œHace poco terminÃ© mi certificaciÃ³n como facilitador en Lego Serious Play, siendo uno de los pocos abogados que tienen dicha certificaciÃ³n; estoy convencido que fue la mejor decisiÃ³n que tomÃ© en mi vidaâ€.Â 

Manda un mensaje a los nuevos estudiantes que van iniciar un nuevo proyecto educativo, â€œque disfruten cada instante desde lo acadÃ©mico hasta lo socialâ€.Â 
___________
Esta entrevista forma parte de la serieÂ #RetratosUSALÂ con la queremos conocer mejor a nuestra comunidad universitaria. A lo largo de este curso compartirÃ¡n sus experiencias universitarias, aficiones y consejos.",2021-07-08 11:23:23,3
2430033723252303107,False,464,,,,https://www.instagram.com/p/CG5NsvirGUD/,1,Â¿Sabes a quÃ© Campus pertenecen estas escaleras? ğŸ¤” #FelizMiÃ©rcoles ğŸ¤—,2020-10-28 16:30:17,19
2481397438142543987,False,1118,,,,https://www.instagram.com/p/CJvsdKvDPhz/,2,"Seguro que alguna vez has disfrutado del Cielo de Salamanca pero, Â¿#sabÃ­asque no siempre estuvo ahÃ­? Ocupaba una tercera parte de la bÃ³veda de la antigua biblioteca de la Universidad. Tras el incendio que la afectÃ³ en el siglo XVIII, solo quedÃ³ esta parte manteniÃ©ndose oculta. No fue hasta mediados del siglo XX que las pinturas fueron descubiertas y se trasladaron al Museo Universitario de las Escuelas Menores.",2021-01-07 13:20:47,5
2584909552764319657,True,1895,41.633,11627.0,,https://www.instagram.com/p/CPfcYr1B_ep/,1,"Â¿SabÃ­as que los Reyes CatÃ³licos presiden la Fachada Rica de la Universidad? La fachada plateresca del Edificio HistÃ³rico de la USAL alberga en la parte central el retrato de los Reyes CatÃ³licos, impulsores de esta instituciÃ³n en el S.XV. Aparecen en forma de medallÃ³n, sujetando un Ãºnico cetro y rodeados de la leyenda en griego que dice: â€œlos Reyes a la Universidad y Ã©sta a los Reyesâ€. La Universidad de Salamanca se convirtiÃ³ en un importante centro cultural y polÃ­tico, considerÃ¡ndola un vivero del que extraer funcionarios para la gestiÃ³n de su imperio.

_________________________________

La serie #SecretosDeLaUSAL muestra algunos de los aspectos menos conocidos sobre la historia, tradiciones y vida acadÃ©mica de nuestra universidad.",2021-05-30 09:01:17,17
2542551445816652316,False,761,,,,https://www.instagram.com/p/CNI9RGnDrIc/,2,"KatarÃ­na CzÃ¡novÃ¡ (@kaytlin_c8) es de Eslovaquia y estÃ¡ estudiando el Grado en BiologÃ­a en la Universidad de Salamanca. EstudiÃ³ cinco aÃ±os en un instituto eslovaco-espaÃ±ol, donde descubriÃ³ su pasiÃ³n por los idiomas y la biologÃ­a, por eso decidiÃ³ venir a nuestro paÃ­s y asÃ­ poder â€œdedicarme al campo y enriquecer mi nivel de espaÃ±olâ€.

AÃ±ade que â€œlo que mÃ¡s me gusta de la universidad es el ambiente que creamos en clases con todos mis compaÃ±eros y compaÃ±eras, a cualquier cosa nos enfrentamos juntos. TambiÃ©n tengo que mencionar todas las actividades extras que nos preparan los profesores, ya sean las prÃ¡cticas, las salidas, etc. en las que siempre aprendemos un montÃ³n y nos lo pasamos genialâ€. 

En un futuro, se imagina en un laboratorio de microbiologÃ­a y parasitologÃ­a haciendo experimentos de todo tipo, â€œsiempre encantada con mi trabajo y aprendiendo muchas cosas nuevasâ€.

En su tiempo libre, le gusta hacer planes con sus compaÃ±eras de piso como â€œir a pasear a la naturaleza, hacer algÃºn deporte como baloncesto y voleibol, o simplemente sentarnos en un banco en la ciudad charlando o pasarnos la tarde viendo una serieâ€. TambiÃ©n mantiene mucho el contacto con su familia y amigos de Eslovaquia.

Anima a la comunidad universitaria y los futuros miembros de nuestra universidad a disfrutar su estancia en la USAL, â€œpero siempre con responsabilidad y sobre todo con  empatÃ­aâ€. 
_____
Esta entrevista forma parte de la serie #RetratosUSAL con la queremos conocer mejor a nuestra comunidad universitaria. A lo largo de este curso compartirÃ¡n sus experiencias universitarias, aficiones y consejos.",2021-04-01 22:22:53,2
2532104605275102136,False,1788,,,,https://www.instagram.com/p/CMj17kLjZu4/,1,"Evelyn SophÃ­a Valenzuela (@labibliotecadesophie) es de Guatemala y estÃ¡ realizando el Doctorado en EconomÃ­a en la Universidad de Salamanca. Su lÃ­nea de investigaciÃ³n es la â€˜Estrategia empresarialâ€™. EligiÃ³ estudiar el Doctorado en EconomÃ­a Empresarial como un reto personal y â€œporque querÃ­a profundizar en los beneficios del emprendimiento de forma individual y colectivamente en paÃ­ses en vÃ­as de desarrolloâ€. 

En su tiempo libre, se dedica a leer y a escribir; ha publicado un libro y tiene un proyecto de podcast. AdemÃ¡s, es una aficionada de la meditaciÃ³n, yoga y kickboxing.

En un futuro, imagina trabajar para una instituciÃ³n que tenga impacto en alguna regiÃ³n de LatinoamÃ©rica, â€œen la cual pueda ayudar y contribuir con investigaciÃ³n en economÃ­a y empresaâ€.

Asegura que â€œla actitud es el principal ingrediente para salir de cualquier momento o estado que nos pone a temblarâ€. AÃ±ade que â€œpara conservar la actitud, es indispensable ver los avances, el aprendizaje, la experiencia y buscar cosas nuevas por hacerâ€.

___________
Esta entrevista forma parte de la serieÂ #RetratosUSALÂ con la queremos conocer mejor a nuestra comunidad universitaria. A lo largo de este curso compartirÃ¡n sus experiencias universitarias, aficiones y consejos.",2021-03-18 12:26:52,13
2574037860695767397,True,757,54.266,5565.0,,https://www.instagram.com/p/CO40cvlLXll/,1,"Â¿SabÃ­as que la Universidad de Salamanca cuenta con el primer Colegio Mayor universitario? Fundado en el Siglo XV por el Arzobispo de Sevilla Diego de Anaya y Maldonado, el Colegio Mayor San BartolomÃ© (@cm_sanbartolome) estÃ¡ considerado el primer colegio universitario. 

Por su gran trascendencia, supuso el punto de partida del auge colegial del S. XVI. Los estatutos del colegio de San BartolomÃ© sirvieron de modelo para la fundaciÃ³n de los Colegios Mayores. En esa Ã©poca, sus bases dotaron Ãºnicamente a otros cinco centros de este tÃ­tulo, tres de los cuÃ¡les se encuentran en Salamanca: el de Cuenca, el de Oviedo y el de Fonseca.
_________________________________

La serie #SecretosDeLaUSAL muestra algunos de los aspectos menos conocidos sobre la historia, tradiciones y vida acadÃ©mica de nuestra universidad.",2021-05-15 09:01:10,5
2589982813032781944,True,768,37.833,5025.0,,https://www.instagram.com/p/CPxd6VpL5h4/,1,"Â¿SabÃ­as que la Biblioteca General HistÃ³rica de la Universidad de Salamanca alberga entres sus fondos libros redondos? El catedrÃ¡tico de matemÃ¡ticas Diego Torres Villarroel adquiriÃ³ estos ejemplares porque le fascinaron en un viaje a Paris. El 10 de enero de 1758 llegaron los primeros globos a la Universidad de Salamanca, facilitando a los matemÃ¡ticos la resoluciÃ³n de problemas de geometrÃ­a y astronomÃ­a. En la actualidad, se conservan 10, entre esferas terrestres, celestes y armilares. 

_________________________________

La serie #SecretosDeLaUSAL muestra algunos de los aspectos menos conocidos sobre la historia, tradiciones y vida acadÃ©mica de nuestra universidad.",2021-06-06 09:00:49,7
2627757015991224654,False,454,,,,https://www.instagram.com/p/CR3qxVmMolO/,1,"En la Escuela Universitaria de EducaciÃ³n y Turismo de Ãvila puedes cursar los Grados en GestiÃ³n del Turismo, Maestro en EducaciÃ³n Infantil y Maestro en EducaciÃ³n Primaria. TambiÃ©n puedes realizar los Dobles Grados en GestiÃ³n del Turismo y GestiÃ³n de PequeÃ±as y Medianas Empresas y en Maestro en EducaciÃ³n Primaria y en Maestro en EducaciÃ³n Infantil. Â¡#FelizMiÃ©rcoles! ğŸ¤—",2021-07-28 11:51:08,1
2395820597938099598,True,247,58.833,3684.0,,https://www.instagram.com/p/CE_qiPlqhWO/,1,"La Universidad de Salamanca serÃ¡ uno de los prÃ³ximos escenarios del programa â€˜Un paÃ­s para escucharloâ€™ (@rtve), presentado por @ArielRotOficial, que estarÃ¡ acompaÃ±ado de @rebecajimenezmusic y contarÃ¡ con la presencia de grupos salmantinos o formados por egresados de la USAL, como @Estrogenuinas, @TuOtraBonita y @malditanereaoficial. ğŸ¶",2020-09-11 11:36:09,4
2398722000045227702,False,677,,,,https://www.instagram.com/p/CFJ-PM3nD62/,1,"Ãngela FernÃ¡ndez (@soyaangelaa) viene desde LeÃ³n a la Universidad de Salamanca para comenzar el Grado en Global Studies. EligiÃ³ este Grado â€œpor la gran oportunidad que puede ser cursar una carrera en inglÃ©s y tambiÃ©n por el atractivo de un programa de estudio multidisciplinar y holÃ­sticoâ€. BarajÃ³ mÃ¡s opciones a la hora de elegir el Grado pero cree que este â€œsupone muchas ventajasâ€ para su futuro. 

Se define como una persona â€œmuy curiosa que siempre intenta expandir sus horizontesâ€. Por eso, estÃ¡ muy motivada con esta nueva etapa y con la idea de conocer nuevos ambientes. Pese a las circunstancias excepcionales y con todas las precauciones sanitarias, Ãngela espera â€œpoder disfrutar de una experiencia enriquecedora en todos los aspectos, tanto en el Ã¡mbito intelectual como social, cultural, etc.â€

_
Esta entrevista forma parte de la serie #BienvenidosALaUSAL con la que pretendemos conocer a los nuevos alumnos de la Universidad de Salamanca.",2020-09-15 11:39:28,2
2456744734078320785,False,609,,,,https://www.instagram.com/p/CIYHFG6jMCR/,1,"'EnseÃ±o GramÃ¡tica con orgullo en el estudio de Salamanca, el mÃ¡s lÃºcido de EspaÃ±a, y por consiguiente de la redondez de todas las tierras'

Elio Antonio de Nebrija fue el inventor de la primera gramÃ¡tica del espaÃ±ol en 1492 e introdujo la imprenta en la ciudad de Salamanca. Su estatua se encuentra situada en el Campus de Ciencias de la Universidad de Salamanca, frente a la Facultad de Ciencias.",2020-12-04 13:00:16,6
2490816082136225445,False,543,,,,https://www.instagram.com/p/CKRKAegj1al/,2,"Francisco JosÃ© LÃ³pez (@franciscojoselopez) es de Colombia y estÃ¡ cursando el â€˜MÃ¡ster en Erasmus Mundus Latin America and Europe in a Global Worldâ€™ en nuestra universidad. Siempre le ha interesado el estudio de las relaciones entre AmÃ©rica Latina y Europa â€œdesde una perspectiva de cooperaciÃ³n y desarrollo sostenibleâ€.

La situaciÃ³n actual ha modificado sus expectativas universitarias, aÃºn asÃ­, es optimista y asegura que el poder estudiar de manera semipresencial en estos tiempos tan diferentes le ha permitido â€œapreciar el aula de clase, las interacciones con los profesores y el desarrollo de las habilidades acadÃ©micas por medio del debate y la discusiÃ³nâ€. 

AdemÃ¡s, la situaciÃ³n le ha impulsado a retomar actividades que siempre le han interesado, pero a las cuales no les podÃ­a dedicar mucho tiempo antes. AÃ±ade que, desde marzo ha escrito algunos artÃ­culos sobre sus temas de interÃ©s, y que ha desarrollado un podcast relacionado con sus estudios. 

___________________
Esta entrevista forma parte de la serieÂ #RetratosUSALÂ con la queremos conocer mejor a nuestra comunidad universitaria. A lo largo de este curso compartirÃ¡n sus experiencias universitarias, aficiones y consejos para afrontar la nueva situaciÃ³n derivada de laÂ #Covid-19.Â #SigamosSiendoResponsablesÂ #yonoarriesgomifuturo",2021-01-20 13:13:57,4
2566895988149926684,False,1467,,,,https://www.instagram.com/p/COfck0dDTsc/,1,Â¿QuÃ© tal habÃ©is empezado el mes de mayo? ğŸŒ¸ğŸ¤—,2021-05-05 12:31:08,6
2567618993708599388,False,497,,,,https://www.instagram.com/p/COiA972jAhc/,1,"Mateo Orellana Palacios (@_mateo_orellana) procede de Cuenca, Ecuador. 

Estudia el MÃ¡ster en IntervenciÃ³n a Personas con Enfermedad de Alzheimer de la Universidad de Salamanca.

El gusto por la GeriatrÃ­a ha estado muy presente en su vida. Esto le ha llevado a querer trabajar de manera integral y centrada en la persona y en la prevenciÃ³n de enfermedades. â€œEl trabajo con personas con demencia es diferente a la prÃ¡ctica mÃ©dica clÃ¡sica y ha logrado que cada dÃ­a me guste mÃ¡s mi decisiÃ³n; mis pacientes adultos mayores son la fortaleza que me ayuda a seguir adelanteâ€.

Dedica su tiempo libre a su familia y, ademÃ¡s, es muy aficionado al running, â€œllevo un tiempo preparÃ¡ndome para hacer mi primera media maratÃ³nâ€. Para Mateo, el deporte, la alimentaciÃ³n saludable y la lectura son pilares fundamentales en su vida.

Piensa que la Universidad de Salamanca tiene una labor investigativa pionera y que â€œlas personas que logramos entrar en ella somos afortunados de formar parte de su excelenciaâ€.

___________
Esta entrevista forma parte de la serieÂ #RetratosUSALÂ con la queremos conocer mejor a nuestra comunidad universitaria. A lo largo de este curso compartirÃ¡n sus experiencias universitarias, aficiones y consejos.",2021-05-06 12:27:37,9
2575565754221834197,False,712,,,,https://www.instagram.com/p/CO-P2hUDa_V/,1,"Os deseamos un feliz comienzo de semana desde nuestro Campus Viriato, en Zamora. ğŸ¤—",2021-05-17 11:36:25,2
2423373672578188518,False,742,,,,https://www.instagram.com/p/CGhjYQADoTm/,2,"Nos sumamos al rosa en el #DÃ­aMundialDelCÃ¡ncerDeMama. Queremos manifestar nuestro apoyo a las personas que estÃ¡n luchando contra esta enfermedad y recordar la gran labor que realizan a diario asociaciones como 
@aecc_es y @aeccsalamanca. #SacaPecho",2020-10-19 11:57:55,0
2439336591400743614,False,1595,,,,https://www.instagram.com/p/CHaQ7SqDbK-/,2,"""La calle forma un tejido en que se entrecruzan miradas de deseo, de envidia, de desdÃ©n, de compasiÃ³n, de amor, de odio, viejas palabras cuyo espÃ­ritu quedÃ³ cristalizado, pensamientos, anhelos, toda una tela misteriosa que envuelve las almas de los que pasan."" (Unamuno, Niebla)",2020-11-10 12:33:23,9
2526325577049991971,False,273,,,,https://www.instagram.com/p/CMPT7ovDGsj/,1,"Carlos Enrique Favre RodrÃ­guez es de Temuco (Chile) y estÃ¡ realizando el primer aÃ±o del Doctorado en EducaciÃ³n. Su lÃ­nea de investigaciÃ³n es la â€˜EducaciÃ³n comparada e internacional, formaciÃ³n de profesoresâ€™.

La educaciÃ³n siempre ha tenido un papel importante en su vida, piensa que los cambios sociales pueden generarse desde ella. Por ello decidiÃ³ que sus estudios de doctorado se centrarÃ­an en â€œconocer cÃ³mo estÃ¡ siendo la formaciÃ³n de esos futuros profesionales de la educaciÃ³n para que puedan transformar y ser una contribuciÃ³n al contexto educativo al que lleguenâ€.

Su vida profesional comenzÃ³ hace 7 aÃ±os como profesor de lenguaje y comunicaciÃ³n. En un futuro, le gustarÃ­a seguir investigando â€œtransmitiendo y compartiendo conocimientos, pero por sobre todo, aportando y generando cambios en el lugar que me encuentreâ€.Â 

Afirma que â€œsi uno se esfuerza, es perseverante, lo proyecta y cree en algo, eso se cumplirÃ¡â€. Por ello, desea continuar aprendiendo y obteniendo algo de cada situaciÃ³n, fortaleciendo cada vez mÃ¡s el proceso de investigaciÃ³n en las temÃ¡ticas que son de su interÃ©s.

___________
Esta entrevista forma parte de la serieÂ #RetratosUSALÂ con la queremos conocer mejor a nuestra comunidad universitaria. A lo largo de este curso compartirÃ¡n sus experiencias universitarias, aficiones y consejos.",2021-03-10 13:04:58,1
2396467626965687017,False,542,,,,https://www.instagram.com/p/CFB9pwVA1rp/,1,Hoy finaliza la convocatoria extraordinaria de la #EBAU2020. PodrÃ©is revisar vuestras calificaciones el dÃ­a 18 de septiembre a partir de las 12:00h. Â¡Esperamos que obtengÃ¡is los mejores resultados y pronto podÃ¡is comenzar vuestra vida universitaria! ğŸ¤—,2020-09-12 09:00:26,2
2450128536607663626,False,1413,,,,https://www.instagram.com/p/CIAmuw2jCYK/,1,"La Universidad de Salamanca se suma al #DÃ­aContraLaViolenciaDeGÃ©nero con la iluminaciÃ³n de la Fachada Rica de las Escuelas Mayores, acompaÃ±ada de la lectura en lÃ­nea del manifiesto ğŸ‘‰ igualdad.usal.es

Â¿#SabÃ­asQue el #DÃ­aInternacionalContraLaViolenciaDeGÃ©nero tiene su origen en 1981? En el aÃ±o 2000 la ONU fijÃ³ este dÃ­a para recordar asesinatos como el de las hermanas Mirabal, tres activistas polÃ­ticas de RepÃºblica Dominicana asesinadas en 1960 por orden de Rafael Trujillo. 

#NiUnaMenos  #25N ğŸ’œ",2020-11-25 09:55:03,7
2601662355165682154,True,372,15.0,3703.0,,https://www.instagram.com/p/CQa9iC5KBnq/,1,"En la Escuela TÃ©cnica Superior de IngenierÃ­a Industrial de la Universidad de Salamanca puedes cursar 3 Grados y 3 dobles Grados vinculadas a este Ã¡mbito de la IngenierÃ­a. El campus de BÃ©jar estÃ¡ situado en un entorno privilegiado, a pocos minutos de Salamanca, rodeado de bellos paisajes y vegetaciÃ³n.",2021-06-22 11:46:38,2
2514764333675562454,False,912,,,,https://www.instagram.com/p/CLmPNZyjcXW/,1,Â¡Empezamos la Ãºltima semana de febrero con energÃ­a! ğŸ™Œ #FelizLunes #SigamosSiendoResponsables,2021-02-22 14:14:51,6
2582090442741826313,False,1438,,,,https://www.instagram.com/p/CPVbZPBjsMJ/,2,"Patricia Hoyos Salazar (@patty_hoyoss) es de Lima. 

Estudia el MÃ¡ster en Estrategia AnticorrupciÃ³n y PolÃ­ticas de Integridad en la Universidad de Salamanca con el propÃ³sito de especializarse en esta materia. â€œDesde hace una dÃ©cada realizo investigaciones periodÃ­sticas sobre casos de corrupciÃ³n polÃ­tica y me gustarÃ­a desarrollar estrategias para combatir este fenÃ³meno desde la sociedad y los poderes del Estadoâ€.Â Ha ganado dos premios nacionales de periodismo en PerÃº y trabajÃ³ en el diario â€œLa RepÃºblicaâ€ y en la ProcuradurÃ­a AnticorrupciÃ³n de PerÃº.

En su tiempo libre aprovecha para leer en la ribera del RÃ­o Tormes, aunque la mayor parte de Ã©ste, lo dedica a la creaciÃ³n de un podcast â€œque oriente a las personas a identificar la corrupciÃ³n y denunciarlaâ€.Â Â 

Valora de forma positiva estudiar en la Universidad de Salamanca porque â€œes una gran oportunidad acadÃ©mica, aprendes de los mÃ¡s destacados profesores, con quienes compartes opiniones y debates sobre distintas materias, lo que te permite ampliar tus conocimientos mediante el anÃ¡lisis y la investigaciÃ³nâ€. 

___________
Esta entrevista forma parte de la serieÂ #RetratosUSALÂ con la queremos conocer mejor a nuestra comunidad universitaria. A lo largo de este curso compartirÃ¡n sus experiencias universitarias, aficiones y consejos.",2021-05-26 11:39:48,10
2531575854862947603,False,533,,,,https://www.instagram.com/p/CMh9tO_D9UT/,1,Al finalizar los estudios de Grado se abrirÃ¡n muchos caminos; uno de ellos es la especializaciÃ³n. Estas son las titulaciones de MÃ¡ster que te ofrece la Universidad de Salamanca. ğŸ‘‰ usal.es/masteres,2021-03-17 18:56:20,4
2603095909081075148,False,1686,,,,https://www.instagram.com/p/CQgDfABDM3M/,1,"EstefanÃ­a Delgado (@lawstudygramm) es de Santiago de Chile y realizÃ³ el IV Curso Internacional en Derecho Romano ""Mundus & Commercium"" en la Universidad de Salamanca, con el que ha podido adquirir un conocimiento jurÃ­dico amplio del Derecho Romano, del Derecho Civil, Derecho Procesal yÂ  Derecho de la UniÃ³n Europea. â€œSiempre me ha gustado estudiar y aprender, sobre todo, en Ã¡reas del derecho, no sÃ³lo chileno, sino tambiÃ©n doctrina internacionalâ€. EligiÃ³ la ciudad de Salamanca por â€œsu espÃ­ritu de estudio, aprendizajeÂ  y orden. Tiene los mejores profesores e imparten cÃ¡tedras inigualablesâ€.Â Â 

En su tiempo libre, se dedica a hacer deporte, organizar sus dÃ­as y disfrutar de los lugares al aire libre. AÃ±ade que intenta siempre ser creativa y buscar alternativas o medios que de alguna manera le lleven a cumplir sus sueÃ±os, â€œsiempre he pensado que hay diversos caminos para lograr una metaâ€.Â 

En el futuro le gustarÃ­a regresar a Salamanca a cursar un MÃ¡ster en Derecho y dedicarse de manera profesional â€œejerciendo como abogado en algÃºn Ã¡rea a la que quiera dedicarmeâ€.Â 

Manda el siguiente mensaje a la comunidad universitaria: â€œla Universidad de Salamanca fue mi segundo hogar. Es muy acogedora, te sentirÃ¡s como en casa. Los invito a que disfruten su estadÃ­a y estudios en este lugar. Hay mucho que conocer y por estudiar, todos los dÃ­as se aprenderÃ¡ algo nuevo que maÃ±ana serÃ¡ una experiencia excepcional y la recordarÃ¡n por siempreâ€.Â 

_____
Esta entrevista forma parte de la serieÂ #RetratosUSALÂ con la queremos conocer mejor a nuestra comunidad universitaria. A lo largo de este curso compartirÃ¡n sus experiencias universitarias, aficiones y consejos.",2021-06-24 11:13:55,21
2516174229931323679,False,1052,,,,https://www.instagram.com/p/CLrPyGADHEf/,1,"Edgar AlcÃ¡ntara Guerrero (@edgar.alca) es estudiante de Derecho en la @UNAM (MÃ©xico) y estÃ¡ realizando una estancia de InvestigaciÃ³n en nuestra universidad sobre la â€˜La adopciÃ³n homoparental nacional e internacional entre MÃ©xico y EspaÃ±aâ€™.

Lo que le impulsÃ³ a llevar a cabo la estancia fue â€œquerer salir de mi zona de confort, emprendiendo asÃ­ una experiencia de vida y de estudio diferente a lo habitual; teniendo como finalidad el adquirir conocimientos y herramientas para mi futuro personal y profesionalâ€.

En el futuro, imagina su vida profesional como un aprendizaje constante, â€œllena de triunfos y quizÃ¡ fracasos que me irÃ¡n construyendo como persona y profesionalâ€.

Manda un mensaje a toda la comunidad universitaria y anima a â€œno dejar que nuestros sueÃ±os y metas decaigan, debemos tomar fuerzas y ser cada dÃ­a mejoresâ€.

___________
Esta entrevista forma parte de la serieÂ #RetratosUSALÂ con la queremos conocer mejor a nuestra comunidad universitaria. A lo largo de este curso compartirÃ¡n sus experiencias universitarias, aficiones y consejos.",2021-02-24 12:56:04,18
2448798837667390907,False,209,,,,https://www.instagram.com/p/CH74ZGNjeW7/,1,"Â¡Comienza la XIII Semana Verde de la Universidad de Salamanca! (@oficinaverdeusal)
Este aÃ±o el tema central es el papel que las plantas desempeÃ±an en las estrategias contra el cambio climÃ¡ticoğŸŒ±ğŸŒ¿ #USALPorElClima",2020-11-23 13:53:11,2
2421040437887996440,True,530,59.8,5501.0,,https://www.instagram.com/p/CGZQ3N3K5IY/,1,"La Junta de Estudiantes de la USAL recuerda la importancia de seguir manteniendo las medidas de seguridad para que el curso universitario pueda transcurrir con fluidez. 

""No salgamos de fiesta. Queremos la Universidad abierta"". 
#YoNoArriesgoMiFuturo #SigamosSiendoResponsables",2020-10-16 06:44:01,3
2389197108138814072,False,477,,,,https://www.instagram.com/p/CEoIhyBASp4/,1,"Alejandro Juan Villalta (@villalta___) es futuro estudiante del Grado en IngenierÃ­a InformÃ¡tica de la Universidad de Salamanca. EligiÃ³ este Grado por â€œla importancia que tiene la informÃ¡tica en el dÃ­a a dÃ­a de las personasâ€ y por su interÃ©s desde pequeÃ±o en todo lo relacionado con la informÃ¡tica y la electrÃ³nica. 

A la expectativa de la evoluciÃ³n de la COVID-19 Alejandro espera que la docencia sea â€œde la manera mÃ¡s presencial posibleâ€ para poder aprovechar al mÃ¡ximo la experiencia universitaria, â€œconocer gente nueva y estudiar algo que me gusta y enfocado al tipo de trabajo que me gustarÃ­a tener en el futuroâ€.
_
Esta entrevista forma parte de la serie #BienvenidosALaUSAL con la que pretendemos conocer a los nuevos alumnos de la Universidad de Salamanca.",2020-09-02 08:15:13,5
2482805736787956979,False,3759,,,,https://www.instagram.com/p/CJ0sqnDjFTz/,2,"Nuestra universidad ha amanecido cubierta de blanco y con temperaturas bajo cero por el temporal de frÃ­o y nieve â€˜#Filomenaâ€™. â„ï¸ğŸŒ¨
#SigamosSiendoResponsables.ğŸ¤—",2021-01-09 11:58:49,45
2438637398031996051,False,275,,,,https://www.instagram.com/p/CHXx8sFrhST/,1,Comienza una nueva semana de clases y trabajos. Mucho Ã¡nimo. ğŸ’ª Â¡#FelizLunes! ğŸ¤—,2020-11-09 13:24:16,1
2562542463966112111,False,990,,,,https://www.instagram.com/p/COP-stGjelv/,2,"Stephanie Molina Toro (@stphnie30) es de Cartago Valle, Colombia. 

Estudia el MÃ¡ster en NeuropsicologÃ­a de la Universidad de Salamanca para especializarse en sistemas funcionales cerebrales, el daÃ±o cerebral y los mÃ©todos y tÃ©cnicas de rehabilitaciÃ³n cognitiva. 
 
â€œCuando tomÃ© la decisiÃ³n de ir a la Universidad, soÃ±Ã© con estudiar en la Universidad de Salamancaâ€, afirma Stephanie. Desde que iniciÃ³ sus estudios en PsicologÃ­a le apasiona la neuropsicologÃ­a y ha decidido enfocar sus metas postgraduales â€œhacia este maravilloso campo de la psicologÃ­a que es la neuropsicologÃ­aâ€. Asegura que â€œactualmente, estos sueÃ±os se estÃ¡n materializandoâ€. 

Afronta de manera optimista la situaciÃ³n actual y considera que nos estÃ¡ dejando grandes enseÃ±anzas, como por ejemplo, â€œla importancia de la salud mentalâ€.

___________
Esta entrevista forma parte de la serieÂ #RetratosUSALÂ con la queremos conocer mejor a nuestra comunidad universitaria. A lo largo de este curso compartirÃ¡n sus experiencias universitarias, aficiones y consejos.",2021-04-29 12:21:28,22
2524886689966304472,False,1197,,,,https://www.instagram.com/p/CMKMxEtjazY/,1,"La Universidad de Salamanca se suma a la conmemoraciÃ³n del #DÃ­aInternacionalDeLaMujer y manifiesta su compromiso de seguir trabajando por la igualdad de derechos y oportunidades entre mujeres y hombres en todos los Ã¡mbitos de nuestra sociedad. ğŸ’œ

#8M2021 #InternationalWomensDay",2021-03-08 13:26:10,12
2624119748202359446,False,857,,,,https://www.instagram.com/p/CRqvwH_sGqW/,2,"â€œEstudio la mÃºsica a travÃ©s de la musicologÃ­a porque, al igual que otras artes, la mÃºsica como lenguaje tiene la facultad de plasmar historias y sucesos del pasadoâ€, nos cuenta JuliÃ¡n Victoria Toro (@julianvictoriamusic), estudiante del MÃ¡ster en MÃºsica Hispana. Procedente de Cali (Colombia), decidiÃ³ decantarse por estos estudios debido a su deseo de â€œentretejer su formaciÃ³n de prÃ¡ctica musical con una sÃ³lida formaciÃ³n teÃ³ricaâ€, destacando que cuenta con un amplio y completo espectro programÃ¡tico que cumpliÃ³ con todas sus expectativas. 
Lo que mÃ¡s le gusta del MÃ¡ster es que posibilita el acceso a diversos Ã¡mbitos profesionales â€”tales como la docencia, la investigaciÃ³n o la interpretaciÃ³nâ€”, asÃ­ como la cantidad de convenios con los que cuenta a la hora de realizar prÃ¡cticas profesionales. 
JuliÃ¡n admite que su experiencia con el MÃ¡ster le ha motivado a hacer un Doctorado. Se describe como una persona â€œcontemplativaâ€, que disfruta conociendo nuevos lugares, sobre todo si se encuentran rodeados de naturaleza, y hace hincapiÃ© en que, la mÃºsica, ademÃ¡s de su rol profesional, â€œpermite el disfrute y el placer de las sensaciones mediante la escucha, de tal manera que la mÃºsica resulta ser tambiÃ©n un refugio en los momentos de zozobraâ€.
En un futuro, le gustarÃ­a trabajar como docente de las Ã¡reas de teorÃ­a y de composiciÃ³n, seÃ±alando el poder de la mÃºsica como herramienta con la que transformar la sociedad. JuliÃ¡n anima a cualquier nuevo miembro de la comunidad universitaria a fijarse metas a corto y a medio plazo (â€œse obtienen mejores resultadosâ€), seÃ±alando que la experiencia universitaria va mÃ¡s allÃ¡ de lo acadÃ©mico.
_____
Esta entrevista forma parte de la serie #RetratosUSAL con la queremos conocer mejor a nuestra comunidad universitaria. A lo largo de este curso compartirÃ¡n sus experiencias universitarias, aficiones y consejos.",2021-07-23 11:24:32,6
2471460563420248335,False,2784,,,,https://www.instagram.com/p/CJMZEm_DPkP/,1,"Ha sido un aÃ±o muy complicado, pero miramos al futuro con ilusiÃ³n. Â¡Feliz noche!ğŸ„âœ¨ 

ğŸ“¸ @lauralvarezal",2020-12-24 20:17:59,16
2406000455695558905,False,735,,,,https://www.instagram.com/p/CFj1Kq7KWj5/,1,"A veces, basta con elevar un poco la vista para reparar en los detalles que pasan desapercibidos en el dÃ­a a dÃ­a. 
Â¿Sabes a quÃ© Facultad pertenece esta estancia?
Â¡#FelizFinde! ğŸ˜Š",2020-09-25 12:40:26,10
2521965438927021971,False,867,,,,https://www.instagram.com/p/CL_0jRrDqeT/,1,"Celia Cores Antepazo (@abtcelia) estÃ¡ realizando el Grado en Estudios Ingleses en la USAL. Siempre tuvo claro que su carrera debÃ­a pertenecer al campo de las artes y las humanidades, ya que â€œsiempre me he sentido atraÃ­da por las lenguas, las culturas y las literaturas extranjeras, sobre todo las de los paÃ­ses anglÃ³fonosâ€. 

En el futuro, espera que su carrera laboral le permita seguir conociendo nuevas culturas y nuevas maneras de ver el mundo: â€œme gustarÃ­a irme al extranjero, pero siempre volverâ€. AdemÃ¡s, dedicarse a la docencia y la investigaciÃ³n son opciones que le llaman mucho la atenciÃ³n.

Celia forma parte de la asociaciÃ³n de debate @adusal1. Cuentan con un programa que se emite en Radio USAL â€˜Â¡A Debate!â€™ (@adebateradiousal). 
Manda un mensaje a toda la comunidad universitaria y anima a todos los estudiantes a apuntarse a este tipo de asociaciones que mantienen vivo el pensamiento crÃ­tico dentro de la universidad a travÃ©s de mÃºltiples actividades â€œpara desarrollarse como personas y conocer, como ha sido mi caso, amistades de por vidaâ€.

___________
Esta entrevista forma parte de la serieÂ #RetratosUSALÂ con la queremos conocer mejor a nuestra comunidad universitaria. A lo largo de este curso compartirÃ¡n sus experiencias universitarias, aficiones y consejos.",2021-03-04 12:42:09,10
2617607887650829711,False,997,,,,https://www.instagram.com/p/CRTnIFQsDWP/,1,"â€œPara mÃ­ estudiar en la Universidad de Salamanca siempre fue una meta a cumplir,Â  despuÃ©s de concluir mis estudios de grado en AdministraciÃ³n Publica y Ciencias PolÃ­ticas en la Universidad de Colima, me esforcÃ© mucho por venir y cumplir mi sueÃ±oâ€, reconoce Tania Esmeralda Alfaro (@taniaeaa), de Colima (MÃ©xico). 

Realiza el Programa de Doctorado â€œEstado de Derecho y Gobernanza Globalâ€ en nuestra universidad, en concreto, estÃ¡ trabajando en la lÃ­nea â€˜Justicia, sistema penal y criminologÃ­aâ€™, centrÃ¡ndose en la violencia polÃ­tica contra las mujeres en MÃ©xico. â€œCreo que esÂ importante el uso de los datos y las tÃ©cnicas estadÃ­sticas, ya que considero que toda idea o teorÃ­a polÃ­tica deben tener unÂ buen respaldo de datos para ser comprobada; este doctorado me ha permitido combinar de manera interdisciplinaria ambas cosasâ€. AÃ±ade que en su paÃ­s, trabajÃ³ durante varios aÃ±os como funcionaria en la AdministraciÃ³n Publica del Estado, â€œallÃ­ me convencÃ­ de que para ser un buen representante publico, se necesita tambiÃ©n estar bien preparado acadÃ©micamente para ofrecer una buena atenciÃ³n y continuar desarrolandote profesionalmente, y estas herramientas me las brinda la Universidad de Salamancaâ€.

En su tiempo libre suele salir a caminar o a recorrer nuevos lugares dentro de Castilla y LeÃ³n. 

Lanza un mensaje a la comunidad universitaria: â€œos animo a ser parte de la gran familia de la Universidad de Salamancaâ€. 
___________
Esta entrevista forma parte de la serieÂ #RetratosUSALÂ con la queremos conocer mejor a nuestra comunidad universitaria. A lo largo de este curso compartirÃ¡n sus experiencias universitarias, aficiones y consejos.",2021-07-14 11:46:38,11
2625508550707528111,True,905,60.066,6560.0,,https://www.instagram.com/p/CRvrh3HrEGv/,1,"Â¿SabÃ­as que la actual Facultad de EducaciÃ³n fue en su dÃ­a un Colegio Universitario para dar cobijo a los alumnos huÃ©rfanos y sin recursos? El Colegio Menor de la ConcepciÃ³n de HuÃ©rfanos de la Universidad de Salamanca se fundÃ³ en el aÃ±o 1542 al amparo de los estudios salmantinos. 

Su creaciÃ³n se debe a Francisco SolÃ­s, mecenas que decidiÃ³ invertir su fortuna en la construcciÃ³n y dotaciÃ³n de este edificio para dar respuesta a los alumnos sin recursos econÃ³micos, proporcionÃ¡ndoles los medios necesarios para estudiar en la Universidad. 

En 1932 la DiputaciÃ³n reformÃ³ el edificio para albergar el Hospital PsiquiÃ¡trico de la ciudad. En la dÃ©cada de los 80 pasÃ³ a ser la Facultad de Ciencias de la EducaciÃ³n. 
___________

La serieÂ #SecretosDeLaUSALÂ muestra algunos de los aspectos menos conocidos sobre la historia, tradiciones y vida acadÃ©mica de nuestra universidad.",2021-07-25 09:24:20,13
2495165212333544531,False,620,,,,https://www.instagram.com/p/CKgm4ppDZRT/,1,"""LÃ¡grimas es la lluvia desde el cielo, y es el viento sollozo sin partida, pesar, la sombra sin ningÃºn consuelo, y lluvia y viento y sombra hacen la vida"". (Miguel de Unamuno)",2021-01-26 13:14:53,3
2580647771624011523,False,606,,,,https://www.instagram.com/p/CPQTXm2DXcD/,1,Vuestras horas de dedicaciÃ³n y esfuerzo valdrÃ¡n la pena. Â¡Ãnimo con los exÃ¡menes! ğŸ’ª#FelizSemana #TuFuturoEsAhora,2021-05-24 11:53:29,3
2603828153343142535,False,867,,,,https://www.instagram.com/p/CQip-joLeqH/,1,"Se acercan las vacaciones de verano y la oportunidad de (re) descubrir el mundo y disfrutar del tiempo libre; ya sea haciendo la maleta o rodeÃ¡ndote de una buena lectura que haga volar tu imaginaciÃ³n. Y tÃº, Â¿quÃ© planes tienes? â˜€ï¸",2021-06-25 11:28:45,2
2470455290496058656,False,328,,,,https://www.instagram.com/p/CJI0f9ngIUg/,1,"Â¿#SabÃ­asque no todos los villancicos son navideÃ±os? Durante el siglo XVIII el villancico se usaba en diferentes ceremonias y festividades de la Universidad de Salamanca, mÃ¡s allÃ¡ de la Navidad. Es el caso del Villancico â€˜Â¡Ah de las esferas!â€™ de Juan Antonio de AragÃ¼Ã©s, catedrÃ¡tico de MÃºsica de la Universidad de Salamanca en el siglo XVIII (1710-1793), fechado en 1743  y dedicado a San Anselmo. 

Era tambiÃ©n habitual la interpretaciÃ³n de villancicos para las festividades relacionadas con el Corpus Christi, dedicados al SantÃ­simo Sacramento.

La Universidad conserva actualmente 83 villancicos de AragÃ¼Ã©s, compuestos entre 1735 y 1768. La mayorÃ­a de estas piezas son villancicos.",2020-12-23 11:00:43,2
2425529521456964641,True,147,59.933,2504.0,,https://www.instagram.com/p/CGpNj-uqmQh/,1,"Ana Calvo, de la DelegaciÃ³n de Estudiantes de la Facultad de Ciencias de la USAL (@delg.ciencias_usal), recuerda la importancia de extremar las medidas de seguridad en el Ã¡mbito personal e individual. ""Todo el colectivo de estudiantes no es el culpable, solo son algunas personas irresponsables"".",2020-10-22 11:22:13,0
2388581836879774160,False,1041,,,,https://www.instagram.com/p/CEl8oaAK0HQ/,2,"Alumnos/as del Grado en Fisioterapia de la Universidad de Salamanca realizando sus prÃ¡cticas al aire libre con todas las medidas de seguridadğŸŒ³.
Bienvenidos/as al nuevo curso.
Â¡Sigamos siendo responsables! ğŸ¤—",2020-09-01 11:52:45,4
2489934663511802371,False,522,,,,https://www.instagram.com/p/CKOBmJcjYID/,2,"Gracias a los estudiantes, profesorado y personal de administraciÃ³n y servicios que estÃ¡ participando en el cribado masivo de la Universidad de Salamanca. Las pruebas seguirÃ¡n desarrollÃ¡ndose durante esta semana en el Polideportivo Miguel de Unamuno. #SigamosSiendoResponsables",2021-01-19 08:02:43,0
2456032408920502314,False,539,,,,https://www.instagram.com/p/CIVlHaajbAq/,2,"Ignacio GarcÃ­a (@nachiin8_) es de Oviedo y estÃ¡ cursando el Grado en EconomÃ­a. Aunque le costÃ³ decantarse por una carrera eligiÃ³ este Grado porque estudiÃ³ â€œeconomÃ­a en segundo de bachillerato en Asturias y fue una asignatura que le gustÃ³.â€
La situaciÃ³n actual ha modificado sus expectativas universitarias ya que â€œel no poder ir a clase presencial hace mÃ¡s difÃ­cil relacionarse con la gente que comparte tu misma carrera.â€ Pero, reconoce que el hecho de vivir en el Colegio Mayor Oviedo, le ha facilitado el poder relacionarse con gente. â€œSiempre respetando las medidas de seguridad y con mascarilla se nos permite juntarnos en sitios como la sala de juegos o las salas de televisiÃ³n.â€

___________________________
Esta entrevista forma parte de la serie #RetratosUSAL con la queremos conocer mejor a nuestra comunidad universitaria. A lo largo de este curso compartirÃ¡n sus experiencias universitarias, aficiones y consejos para afrontar la nueva situaciÃ³n derivada de la #Covid-19. #SigamosSiendoResponsables #YoNoArriesgoMiFuturo",2020-12-03 13:25:00,12
2515452145534202507,False,876,,,,https://www.instagram.com/p/CLormYgD3KL/,1,Â¿Sabes dÃ³nde se encuentran estas escaleras? ğŸ¤”,2021-02-23 13:01:24,17
2587164463929765275,False,696,,,,https://www.instagram.com/p/CPndF9gDC2b/,3,"Os recordamos que hasta el 5 de julio podÃ©is solicitar plaza en los Colegios Mayores y residencias de la USAL.

ğŸ˜ï¸ resercol.usal.es",2021-06-02 11:40:59,8
2600129600070511163,True,670,59.766,4980.0,,https://www.instagram.com/p/CQVhBheLmo7/,1,"Â¿Sabes quÃ© el Colegio Mayor de Fonseca alberga un retablo mayor renacentista? El Colegio Fonseca o Colegio de los Irlandeses fue uno de los cuatro Colegios Mayores mÃ¡s importantes que albergÃ³ la Universidad de Salamanca. ComenzÃ³ a construirse en 1521 y en 1529 alojÃ³ a los primeros estudiantes. Entre sus paredes encontramos el retablo mayor de estilo renacentista ubicado en la capilla, hoy desacralizada, del Colegio del Arzobispo Fonseca. Esta joya lleva la firma de Alonso GonzÃ¡lez Berruguete uno de los referentes fundamentales de la escultura espaÃ±ola del renacimiento. Esta obra maestra estÃ¡ realizada en madera policromada y fue encargada en el S.XVI. Conformada por un trazado ortogonal de tres cuerpos y tres calles. Este retablo combina la labor escultÃ³rica y pictÃ³rica del artista. 
_________________________________

La serieÂ #SecretosDeLaUSALÂ muestra algunos de los aspectos menos conocidos sobre la historia, tradiciones y vida acadÃ©mica de nuestra universidad.",2021-06-20 09:00:48,3
2536470099063147798,False,967,,,,https://www.instagram.com/p/CMzWh3GDw0W/,1,Los vÃ­tores son uno de los sÃ­mbolos mÃ¡s caracterÃ­sticos y tradicionales de la Universidad de Salamanca con el que se celebra la obtenciÃ³n del tÃ­tulo de Doctor. Â¿Sabes en quÃ© Facultad se encuentran los que aparecen en esta foto? ğŸ¤”,2021-03-24 13:00:20,12
2546813014859802554,False,588,,,,https://www.instagram.com/p/CNYGPGED2e6/,2,"David JosÃ© Aguado (@djah_1994) es de Barco de Ãvila y reside en Salamanca. Ha estudiado el Grado en Derecho  y ha realizado dos mÃ¡steres (MÃ¡ster en AbogacÃ­a y en Derecho Penal). Actualmente, es alumno del programa de doctorado â€˜AdministraciÃ³n, Hacienda y Justicia en el Estado Socialâ€™ en el Ã¡rea de Historia del Derecho. 

â€œElegÃ­ estos estudios porque siempre he creÃ­do que todo el mundo tiene derecho a una defensaâ€. Con respecto a sus estudios de doctorado, aÃ±ade que la investigaciÃ³n le fascina, â€œsobre todo, la de nuestro historia legislativa, por eso hago el doctorado en Historia del Derecho; creo que para conocer profundamente un periodo histÃ³rico es imprescindible conocer como se construyÃ³ y organizÃ³ jurÃ­dicamenteâ€.

De forma paralela trabaja como director de cine en el Grupo de Cine y Teatro FarÃ¡ndula del Colegio Mayor San BartolomÃ© (@farandulacineteatrobartolo), del que es director de cine. Recientemente, se ha estrenado el largometraje â€˜Salamanca Skylineâ€™, un retrato de la vida universitaria a finales de los 80. La pieza estÃ¡ disponible en YouTube. Explica que â€œcomo director y sobre todo, como guionista, siempre estoy pensando nuevas historias que contar y en cÃ³mo contarlasâ€.
_____
Esta entrevista forma parte de la serieÂ #RetratosUSALÂ con la queremos conocer mejor a nuestra comunidad universitaria. A lo largo de este curso compartirÃ¡n sus experiencias universitarias, aficiones y consejos.",2021-04-07 19:29:51,4
2527784997709804651,False,1462,,,,https://www.instagram.com/p/CMUfxAJDfRr/,1,Â¡Feliz fin de semana desde las alturas! ğŸ¤— ğŸ¦‰,2021-03-12 13:24:35,9
2445885892140218365,True,366,14.7,1968.0,,https://www.instagram.com/p/CHxiEKSKDf9/,1,OtoÃ±o en el rÃ­o Tormes. ğŸ‚,2020-11-19 13:26:21,5
2530693859001756253,False,1360,,,,https://www.instagram.com/p/CMe1KgVD-pd/,1,"Â¿#SabÃ­asQue San Juan de la Cruz, antiguo alumno de la USAL durante mitad del siglo XVI e ilustre poeta, es doctor honoris causa por la Universidad de Salamanca desde 1991 como ""el mejor poeta espaÃ±ol de todos los tiempos""?
-------------------------
Monumento a San Juan de la Cruz en la confluencia del Paseo del Rector EsperabÃ© con la calle Arroyo de Santo Domingo. (Fernando Mayoral)",2021-03-16 13:43:58,3
2591535653171593243,False,3011,,,,https://www.instagram.com/p/CP2-_IuDYAb/,1,"â€œSalamanca, Salamanca
renaciente maravilla
acadÃ©mica palanca
de mi visiÃ³n de Castillaâ€.

Miguel de Unamuno.",2021-06-08 12:25:45,35
2507590786058429450,False,2579,,,,https://www.instagram.com/p/CLMwIi9DiQK/,1,"Nuestra universidad se asienta en una ciudad Patrimonio de la Humanidad de gran valor arquitectÃ³nico y una historia que se remonta a la Primera Edad del Hierro. ğŸ¦

Salamanca es una ciudad muy dinÃ¡mica y acogedora en la que conviven alumnos de todos los continentes. Por todo ello, es internacionalmente conocida como una de las principales ciudades universitarias del mundo. ğŸ¤— 

#SalamancaEsUniversidad #SigamosSiendoResponsables",2021-02-12 16:42:17,33
2522910964134665188,False,1092,,,,https://www.instagram.com/p/CMDLiepL1vk/,1,Colegio Arzobispo Fonseca âœ¨ Â¡#FelizFinde! ğŸ¤—,2021-03-05 20:00:47,6
2608184672486926512,False,764,,,,https://www.instagram.com/p/CQyIiQQM6iw/,1,"Celia SÃºnico Serrano (@csuunico) es de Ãvila y estudia el Grado en PsicologÃ­a en la Universidad de Salamanca. â€œComencÃ© a ir a terapia psicolÃ³gica a los 16 aÃ±os y descubrÃ­ un mundo fascinante. AprendÃ­ mucho y me encantarÃ­a poder ayudar a otras personas como me ayudaron a mÃ­.Â Lo que mÃ¡s me gusta es la capacidad que tiene esta disciplina de hacernos la vida mÃ¡s fÃ¡cilâ€.Â 

EntrÃ³ en la carrera sabiendo que aquello era lo que le apasionaba, pero no tenÃ­a claro cuÃ¡l serÃ­a su rumbo laboral. â€œAhora mismo me decanto por la investigaciÃ³n y la docencia, cosa que en un primer momento veÃ­a poco probableâ€. AÃ±ade que son muchas las Ã¡reas en las que le gustarÃ­a profundizar sus conocimientos. 

En su tiempo libre aprovecha para practicar sus hobbies â€œla mÃºsica y la danza; tambiÃ©n hago planes en el exterior con mis amigosâ€.

En un futuro, se imagina â€œrealizando trabajos de investigaciÃ³n dentro de la Universidad o en alguna empresa centrada en el Ã¡rea del bienestar personalâ€.

Anima a toda la comunidad universitaria a disfrutar mucho de la experiencia de estar estudiando un grado en la Universidad de Salamanca.

___________
Esta entrevista forma parte de la serieÂ #RetratosUSALÂ con la queremos conocer mejor a nuestra comunidad universitaria. A lo largo de este curso compartirÃ¡n sus experiencias universitarias, aficiones y consejos.",2021-07-01 11:44:23,5
2537178838057595326,False,215,,,,https://www.instagram.com/p/CM13rXuD7G-/,1,"Ignacio Javier LadrÃ³n de Guevara Soldado (@ignaciosoldado) es de Granada. Estudia un Grado en FilosofÃ­a en la Universidad de MÃ¡laga (@infouma) y estÃ¡ realizando una estancia con el programa de movilidad SICUE en la Universidad de Salamanca. Sus primeros pasos en la filosofÃ­a fueron leyendo â€˜La RepÃºblicaâ€™, de PlatÃ³n. Lo que mÃ¡s le gusta de la filosofÃ­a son â€œsus anÃ¡lisis conceptuales, junto a su capacidad de cuestionarlo todoâ€.

En su tiempo libre, practica deporte con sus amigos, pasea, medita, escribe poesÃ­a y un diario de gratitud. 

Ha estado en contacto con el mundo laboral haciendo algunas colaboraciones con empresas, impartiendo temas en institutos y dando clases particulares. En el futuro, le gustarÃ­a cumplir su sueÃ±o de â€œrealizar un doctorado con alguna estancia en alguna universidad que me fascine y pueda investigar y expresar mis ideas sin muchas limitacionesâ€.

AÃ±ade que tiene una vida muy activa en asociaciones estudiantiles, â€œsoy miembro del Aula de Debate de la Universidad, de @ascipo_usal y de la vocalÃ­a de la DelegaciÃ³n de Facultad de FilosofÃ­a, ademÃ¡s de haber participado en varias ocasiones con @radiousalâ€.
___________
Esta entrevista forma parte de la serieÂ #RetratosUSALÂ con la queremos conocer mejor a nuestra comunidad universitaria. A lo largo de este curso compartirÃ¡n sus experiencias universitarias, aficiones y consejos.",2021-03-25 12:28:28,4
2413080500809428110,True,357,32.766,4396.0,,https://www.instagram.com/p/CF8--4xKuyO/,1,La distancia frena el virus y salva vidas. Seamos el mejor ejemplo de la mejor universidad. #YoNoArriesgoMiFuturo ni el tuyo.,2020-10-05 07:08:00,5
